,Trek,Cost,Time,Trip Grade,Max_Altitude,Accomodation,Best_Travel_Time,Contact or Book your Trip
0,Everest Base Camp Trek,"NPR 1,20,000", 16 Days,Moderate,5545 m,Hotel/Guesthouse,March - May & Sept - Dec,https://www.nepalhikingteam.com
1,Everest Base Camp Short Trek,"NPR 60,000", 14 Days,Moderate,5545 m,Hotel/Guesthouse,March - May & Sept - Dec,https://www.nepalhikingteam.com
2,Everest Base Camp Heli Shuttle Trek,"NPR 3,80,000", 12 Days,Moderate,5545 m,Hotel/Guesthouse,March - May & Sept - Dec,https://www.nepalhikingteam.com
3,Everest Base Camp Heli Trek,"NPR 2,63,640", 11 Days,Moderate,5545 m,Hotel/Guesthouse,March - May & Sept - Dec,https://www.nepalhikingteam.com
4,Everest Base Camp Trek for Seniors,"NPR 1,20,000", 20 Days,Moderate,5545 m,Hotel/Guesthouse,March - May & Sept - Dec,https://www.nepalhikingteam.com
5,Everest Chola Pass Trek,"NPR 2,13,998", 19 Days,Hard,5545 m,Hotel/Guesthouse,March - May & Sept - Dec,https://www.nepalhikingteam.com
6,Gokyo Lake Renjo La Pass Trek,"NPR 1,94,300", 16 Days,Moderate,5360 m,Hotel/Guesthouse,March - May & Sept - Dec.,https://www.nepalhikingteam.com
7,Everest High Passes Trek,"NPR 2,61,300", 22 Days,Hard,5545 m,Hotel/Guesthouse,April - May & Sept - Nov,https://www.nepalhikingteam.com
8,Short Everest Trek,"NPR 1,42,040", 7 Days,Easy,3900 m,Hotel/Guesthouse,March - May & Sept - Dec.,https://www.nepalhikingteam.com
9,Everest Panorama Trek,"NPR 1,54,100", 10 Days,Easy,3860 m,Hotel/Guesthouse,Jan - May & Sept - Dec,https://www.nepalhikingteam.com
10,Everest View Trek,"NPR 1,47,400", 9 Days,Easy,3860 m,Hotel/Guesthouse,Jan - May & Sept - Dec,https://www.nepalhikingteam.com
11,Luxury Everest Base Camp Heli Trek,"NPR 5,62,800", 11 Days,Moderate,5545 m,Hotel/Teahouse,March-May & Sept-Dec.,https://www.nepalhikingteam.com
12,Everest Base Camp Trek with Chola and Renjo La Pass,"NPR 2,54,600", 21 Days,Hard,5545 m,Hotel/Guesthouse,March - May & Sept - Nov,https://www.nepalhikingteam.com
13,Annapurna Base Camp Trek,"NPR 1,46,060", 14 Days,Moderate,4210 m,Hotel/Guesthouse,March - May & Sept - Dec,https://www.nepalhikingteam.com
14,Annapurna Base Camp Short Trek,"NPR 1,46,060", 11 Days,Easy,4210 m,Hotel/Teahouses,March - May & Sept - Dec,https://www.nepalhikingteam.com
15,Instant Annapurna Base Camp Trek,"NPR 1,31,320", 9 Days,Moderate,4230 m,Hotel/Guest Houses,March - May & Sept - Dec.,https://www.nepalhikingteam.com
16,Annapurna Base Camp Heli Trek,"NPR 2,34,500", 9 Days,Easy,4210 m,Hotel/Teahouses,March - May & Sept - Dec,https://www.nepalhikingteam.com
17,Mardi Himal Trek,"NPR 1,13,900", 9 Days,Easy,4200 m,Hotel/Guesthouses,March - May & Sept - Dec,https://www.nepalhikingteam.com
18,Mardi Himal Trekking,"NPR 1,13,900", 8 Days,Easy,"4,200 m",Hotel/Guesthouse,March-May & Sept-Dec.,https://www.nepalhikingteam.com
19,Classic Annapurna Circuit Trek,"NPR 1,80,900", 18 Days,Moderate,5416 m,Hotel/Teahouses,March - May & Sept - Nov,https://www.nepalhikingteam.com
20,Annapurna Circuit Trek," NPR 1,67,500", 14 Days,Moderate,5416 m,Hotel/Teahouses,March-May & Sept-Dec,https://www.nepalhikingteam.com
21,Annapurna Circuit Short Trek,"NPR 1,67,900", 12 Days,Hard,5416 m,Hotel/Guesthouse,March - May & Sept - Nov.,https://www.nepalhikingteam.com
22,Annapurna Luxury Trek,"NPR 1,94,300", 9 Days,Easy,2012m,Hotel/Luxury Lodges,March - May & Setpt - Dec,https://www.nepalhikingteam.com
23,Annapurna Panorama Trek,"NPR 1,15,240", 9 Days,Easy,3210 m,Hotel/Teahouse,Jan - May & Sept - Dec,https://www.nepalhikingteam.com
24,Annapurna Tilicho Lake Trek,"NPR 1,94,300", 17 Days,Hard,5416 m,Hotel/Guesthouse,March - May & Sept - Nov,https://www.nepalhikingteam.com
25,Short Annapurna Trek,"NPR 79,060", 5 Days,Easy,1990 m,Hotel/Lodges,Jan- May & Sept - Dec,https://www.nepalhikingteam.com
26,Manaslu Circuit Trek,"NPR 1,94,900", 15 Days,Hard,5106 m,Hotel/Guesthouse,March - May & Sept - Nov,https://www.nepalhikingteam.com
27,Manaslu Circuit Trekking,"NPR 1,67,900", 14 Days,Moderate,5220 m,Hotel/Teahouses,March - May & Setpt - Nov,https://www.nepalhikingteam.com
28,Tsum Valley with Manaslu Trek,"NPR 2,47,900", 20 Days,Hard,5220 m,Hotel/Guesthouse,March - May & Sept - Nov,https://www.nepalhikingteam.com
29,Upper Mustang Trek,"NPR 2,88,100", 17 Days,Moderate,4210 m,Hotel/Guesthouse,March - May & Sept - Nov.,https://www.nepalhikingteam.com
30,Upper Mustang Trek with Yara,"NPR 3,08,200", 18 Days,Moderate,4200 m,Hotel/Lodges,March - Nov,https://www.nepalhikingteam.com
31,Upper Mustang Tiji Festival Trek,"NPR 2,47,900", 18 Days,Moderate,4210 m,Hotel/Teahouses,March - May & Sept - Nov,https://www.nepalhikingteam.com
32,Langtang Valley Trek,"NPR 1,00,500", 10 Days,Moderate,5050 m,Hotel/Teahouse,March-May & Sept-Dec,https://www.nepalhikingteam.com
33,Langtang Gosaikunda Trek,"NPR 1,58,120", 16 Days,Moderate,4600m,Hotel/Guesthouse,March - May & Sept - Dec,https://www.nepalhikingteam.com
34,Tamang Heritage Trek,"NPR 1,23,280", 14 Days,Moderate,5050 m,Hotel/Guesthouse,March - May & Sept - Dec,https://www.nepalhikingteam.com
35,Tamang Heritage Trail,"NPR 1,00,500", 8 Days,Easy,2607 m,Teahouses/Lodges,Jan - May & Sept - Dec,https://www.nepalhikingteam.com
36,Helambu Trek,"NPR 1,04,520", 9 Days,Easy,3650 m,Hotel/Guesthouse,Jan - May & Sept- Dec,https://www.nepalhikingteam.com
37,Annapurna Base Camp Trek,"NPR 2,01,000", 11 Days,Demanding,"4,130m",Hotel/Guesthouse,Jan - May & Sept - Dec,https://www.himalayanglacier.com
38,Everest Base Camp Trek for Youths," NPR 2,01,000", 14 Days,Demanding,"5,545m",Hotel/Guesthouse,Jan - May & Sept - Dec,https://www.himalayanglacier.com
39,Everest Base Camp Short Trek," NPR 2,01,000", 14 Days,Demanding,"5,545m",Hotel/Guesthouse,Jan - May & Sept - Dec,https://www.himalayanglacier.com
40,Everest Base Camp Trek," NPR 2,01,000", 16 Days,Demanding,"5,545m",Hotel/Guesthouse,Jan - May & Sept - Dec,https://www.himalayanglacier.com
41,Annapurna Circuit Trek," NPR 2,01,000", 17 Days,Demanding,"5,416m",Hotel/Guesthouse,Jan - May & Sept - Dec,https://www.himalayanglacier.com
42,Everest Base Camp Luxury Lodge Trek," NPR 2,01,000", 15 Days,Demanding,"5,545m",Hotel/Guesthouse,Jan - May & Sept - Dec,https://www.himalayanglacier.com
43,Everest Base Camp Trek via Gokyo Lakes and Cho La Pass," NPR 2,01,000", 18 days,Demanding,"5,545m",Hotel/Guesthouse,Jan - May & Sept - Dec,https://www.himalayanglacier.com
44,Upper Mustang Trek," NPR 2,01,000", 17 Days,Demanding,"3,870m",Hotel/Guesthouse,Jan - May & Sept - Dec,https://www.himalayanglacier.com
45,Everest Advanced Base Camp Trek from Tibet ," NPR 2,01,000", 18 Days,Demanding,"6,340m",Hotel/Guesthouse,Jan - May & Sept - Dec,https://www.himalayanglacier.com
46,Gokyo Lakes and Gokyo Ri Trek," NPR 2,01,000", 14 Days,Demanding,"5,357m",Hotel/Guesthouse,Jan - May & Sept - Dec,https://www.himalayanglacier.com
47,Mardi Himal Trek," NPR 2,01,000", 10 Days,Moderate,"3,540m",Hotel/Guesthouse,Jan - May & Sept - Dec,https://www.himalayanglacier.com
48,Manaslu Circuit Trek," NPR 2,01,000", 18 Days,Demanding,"5,160m",Hotel/Guesthouse,Jan - May & Sept - Dec,https://www.himalayanglacier.com
49,Langtang Valley Trek," NPR 2,01,000", 11 Days,Moderate,"5,000m",Hotel/Guesthouse,Jan - May & Sept - Dec,https://www.himalayanglacier.com
50,Annapurna Sanctuary Trek," NPR 2,01,000", 14 Days,Demanding,"4,130m",Hotel/Guesthouse,Jan - May & Sept - Dec,https://www.himalayanglacier.com
51,Rara Lake Trek," NPR 2,01,000", 15 Days,Moderate,"3,055m",Hotel/Guesthouse,Jan - May & Sept - Dec,https://www.himalayanglacier.com
52,Everest High Passes Trek," NPR 2,01,000", 20 Days,Demanding,"5,546m",Hotel/Guesthouse,Jan - May & Sept - Dec,https://www.himalayanglacier.com
53,Kanchenjunga Circuit Trek," NPR 2,01,000", 25 Days,Demanding,"5,143m",Hotel/Guesthouse,Jan - May & Sept - Dec,https://www.himalayanglacier.com
54,Everest View Trek," NPR 2,01,000", 12 Days,Moderate,"3,870m",Hotel/Guesthouse,Jan - May & Sept - Dec,https://www.himalayanglacier.com
55,Tsum Valley Trek," NPR 2,01,000", 19 Days,Demanding,"6,000m",Hotel/Guesthouse,Jan - May & Sept - Dec,https://www.himalayanglacier.com
56,The Royal Trek," NPR 2,01,000", 9 Days,Moderate,"1,730m",Hotel/Guesthouse,Jan - May & Sept - Dec,https://www.himalayanglacier.com
57,Makalu Base Camp Trek," NPR 2,01,000", 22 Days,Demanding,"4,870m",Hotel/Guesthouse,Jan - May & Sept - Dec,https://www.himalayanglacier.com
58,"Langtang, Gosainkunda and Helambu Trek"," NPR 2,01,000", 17 Days,Moderate,"5,000m",Hotel/Guesthouse,Jan - May & Sept - Dec,https://www.himalayanglacier.com
59,Nar Phu Valley Trek," NPR 2,01,000", 19 Days,Demanding,"5,416m",Hotel/Guesthouse,Jan - May & Sept - Dec,https://www.himalayanglacier.com
60,Annapurna Circle Trek," NPR 2,01,000", 14 Days,Demanding,"5,416m",Hotel/Guesthouse,Jan - May & Sept - Dec,https://www.himalayanglacier.com
61,Everest Kangshung Face Trek," NPR 2,01,000", 21 Days,Demanding,"5,320m",Hotel/Guesthouse,Jan - May & Sept - Dec,https://www.himalayanglacier.com
62,Tsum Valley and Manaslu Trek," NPR 2,01,000", 27 Days,Demanding,"4,460m",Hotel/Guesthouse,Jan - May & Sept - Dec,https://www.himalayanglacier.com
63,Khopra Ridge Community Trek," NPR 2,01,000", 13 Days,Moderate,"4,500m",Hotel/Guesthouse,Jan - May & Sept - Dec,https://www.himalayanglacier.com
64,Nepal Experience Tour," NPR 2,01,000", 12 Days,Easy,"3,210m",Hotel/Guesthouse,Jan - May & Sept - Dec,https://www.himalayanglacier.com
65,Annapurna Circuit Trek with Tilicho Lake and Poon Hill," NPR 2,01,000", 20 Days,Demanding,"5,416m",Hotel/Guesthouse,Jan - May & Sept - Dec,https://www.himalayanglacier.com
66,Annapurna With Tilicho Lake Trek," NPR 2,01,000", 17 Days,Demanding,"5,416m",Hotel/Guesthouse,Jan - May & Sept - Dec,https://www.himalayanglacier.com
67,Langtang Valley Trek with Ganja la Pass," NPR 2,01,000", 14 Days,Demanding,"5,122m",Hotel/Guesthouse,Jan - May & Sept - Dec,https://www.himalayanglacier.com
68,Tamang Heritage Trek," NPR 2,01,000", 14 Days,Moderate,"3,870m",Hotel/Guesthouse,Jan - May & Sept - Dec,https://www.himalayanglacier.com
69,Manaslu and Annapurna Trek with Tilicho Lake," NPR 2,01,000", 25 Days,Demanding,"5,416m",Hotel/Guesthouse,Jan - May & Sept - Dec,https://www.himalayanglacier.com
70,Nepal Trekking and Everest Himalaya Heli Tour," NPR 2,01,000", 7 Days,Moderate,"5,545m",Hotel/Guesthouse,Jan - May & Sept - Dec,https://www.himalayanglacier.com
71,Nepal Hiking and Culture Tour," NPR 2,01,000", 8 Days,Moderate,"1,550m",Hotel/Guesthouse,Jan - May & Sept - Dec,https://www.himalayanglacier.com
72,Annapurna Sunrise and Everest View Trek," NPR 2,01,000", 17 Days,Moderate,"3,870m",Hotel/Guesthouse,Jan - May & Sept - Dec,https://www.himalayanglacier.com
73,Tenzing Hillary Everest Marathon," NPR 2,01,000", 20 Days,Demanding,"5,545m",Hotel/Guesthouse,Jan - May & Sept - Dec,https://www.himalayanglacier.com
74,Everest Base Camp Trek,"NPR 1,94,300",16 Days,Hard,"5,545m",Hotel/Guesthouse,Jan - May & Sept - Dec,https://www.adventurehimalayacircuit.com
75,Everest Kalapathar Trekking,"NPR 1,86,260",15 Days,Hard,"5,545m",Hotel/Guesthouse,Jan - May & Sept - Dec,https://www.adventurehimalayacircuit.com
76,Everest Panorama Trek,"NPR 1,39,360",10 Days,Easy,"3,860m",Hotel/Guesthouse,Jan - May & Sept - Dec,https://www.adventurehimalayacircuit.com
77,Everest Base Camp Trek via Gokyo Lake,"NPR 2,05,020",19 Days,Hard,"5,545m",Hotel/Guesthouse,Jan - May & Sept - Dec,https://www.adventurehimalayacircuit.com
78,Gokyo Lake Trek,"NPR 1,59,460",13 Days,Moderate,"5,357m",Hotel/Guesthouse,Jan - May & Sept - Dec,https://www.adventurehimalayacircuit.com
79,Everest Base Camp Heli Trek,"NPR 4,82,400",9 Days,Moderate,"5,545m",Hotel/Guesthouse,Jan - May & Sept - Dec,https://www.adventurehimalayacircuit.com
80,Annapurna Circuit Trek,"NPR 1,47,400",19 Days,Hard,"5,416m",Hotel/Guesthouse,Jan - May & Sept - Dec,https://www.adventurehimalayacircuit.com
81,Annapurna Base Camp Trek,"NPR 1,46,060",16 Days,Moderate,"4,130m",Hotel/Guesthouse,Jan - May & Sept - Dec,https://www.adventurehimalayacircuit.com
82,Ghorepani Poon Hill Trek,"NPR 60,300",10 Days,Easy,"3,210m",Hotel/Guesthouse,Jan - May & Sept - Dec,https://www.adventurehimalayacircuit.com
83,Upper Mustang Trek,"NPR 2,81,400",17 Days,Hard,4200m,Hotel/Guesthouse,Jan - May & Sept - Dec,https://www.adventurehimalayacircuit.com
84,Mardi Himal Trek,"NPR 79,000",9 Days,Easy,"4,500m",Hotel/Guesthouse,Jan - May & Sept - Dec,https://www.adventurehimalayacircuit.com
85,Langtang Valley Trekking,"NPR 95,000",11 Days,Moderate,"4,773m",Hotel/Guesthouse,Jan - May & Sept - Dec,https://www.adventurehimalayacircuit.com
86,Manaslu Circuit Trek,"NPR 1,52,500",17 Days,Hard,"5,220m",Hotel/Guesthouse,Jan - May & Sept - Dec,https://www.adventurehimalayacircuit.com
87,Annapurna Base Camp Trek,"NPR 1,40,000", 14 Days,Moderate,4210 m,Hotel/Guesthouse,March - May & Sept - Dec,https://www.nepalhikingteam.com
88,Annapurna Base Camp Short Trek,"NPR 1,40,000", 11 Days,Easy,4210 m,Hotel/Teahouses,March - May & Sept - Dec,https://www.nepalhikingteam.com
89,Instant Annapurna Base Camp Trek,"NPR 1,31,320", 9 Days,Moderate,4230 m,Hotel/Guest Houses,March - May & Sept - Dec.,https://www.nepalhikingteam.com
90,Annapurna Base Camp Heli Trek,"NPR 2,34,500", 9 Days,Easy,4210 m,Hotel/Teahouses,March - May & Sept - Dec,https://www.nepalhikingteam.com
91,Mardi Himal Trek,"NPR 1,13,000", 9 Days,Easy,4200 m,Hotel/Guesthouses,March - May & Sept - Dec,https://www.nepalhikingteam.com
92,Mardi Himal Trekking,"NPR 1,13,000", 8 Days,Easy,"4,200 m",Hotel/Guesthouse,March-May & Sept-Dec.,https://www.nepalhikingteam.com
93,Classic Annapurna Circuit Trek,"NPR 1,80,500", 18 Days,Moderate,5416 m,Hotel/Teahouses,March - May & Sept - Nov,https://www.nepalhikingteam.com
94,Annapurna Circuit Trek,"NPR 1,67,500", 14 Days,Moderate,5416 m,Hotel/Teahouses,March-May & Sept-Dec,https://www.nepalhikingteam.com
95,Annapurna Circuit Short Trek,"NPR 1,67,500", 12 Days,Hard,5416 m,Hotel/Guesthouse,March - May & Sept - Nov.,https://www.nepalhikingteam.com
96,Annapurna Luxury Trek,"NPR 1,94,500", 9 Days,Easy,2012m,Hotel/Luxury Lodges,March - May & Setpt - Dec,https://www.nepalhikingteam.com
97,Annapurna Panorama Trek,"NPR 1,94,500", 9 Days,Easy,3210 m,Hotel/Teahouse,Jan - May & Sept - Dec,https://www.nepalhikingteam.com
98,Annapurna Tilicho Lake Trek,"NPR 1,94,500", 17 Days,Hard,5416 m,Hotel/Guesthouse,March - May & Sept - Nov,https://www.nepalhikingteam.com
99,Short Annapurna Trek,"NPR 80,000", 5 Days,Easy,1990 m,Hotel/Lodges,Jan- May & Sept - Dec,https://www.nepalhikingteam.com
100,Manaslu Circuit Trek,"NPR 1,94,500", 15 Days,Hard,5106 m,Hotel/Guesthouse,March - May & Sept - Nov,https://www.nepalhikingteam.com
101,Manaslu Circuit Trekking,"NPR 1,84,920", 14 Days,Moderate,5220 m,Hotel/Teahouses,March - May & Setpt - Nov,https://www.nepalhikingteam.com
102,Tsum Valley with Manaslu Trek,"NPR 2,47,900", 20 Days,Hard,5220 m,Hotel/Guesthouse,March - May & Sept - Nov,https://www.nepalhikingteam.com
103,Upper Mustang Trek,"NPR 2,88,100", 17 Days,Moderate,4210 m,Hotel/Guesthouse,March - May & Sept - Nov.,https://www.nepalhikingteam.com
104,Upper Mustang Trek with Yara,"NPR 3,08,200", 18 Days,Moderate,4200 m,Hotel/Lodges,March - Nov,https://www.nepalhikingteam.com
105,Upper Mustang Tiji Festival Trek,"NPR 2,88,100", 18 Days,Moderate,4210 m,Hotel/Teahouses,March - May & Sept - Nov,https://www.nepalhikingteam.com
106,Langtang Valley Trek,"NPR 1,00,500", 10 Days,Moderate,5050 m,Hotel/Teahouse,March-May & Sept-Dec,https://www.nepalhikingteam.com
107,Langtang Gosaikunda Trek,"NPR 1,58,120", 16 Days,Easy,4600m,Hotel/Guesthouse,March - May & Sept - Dec,https://www.nepalhikingteam.com
108,Tamang Heritage Trek,"NPR 1,23,280", 14 Days,Moderate,5050 m,Hotel/Guesthouse,March - May & Sept - Dec,https://www.nepalhikingteam.com
109,Tamang Heritage Trail,"NPR 1,00,500", 8 Days,Easy,2607 m,Teahouses/Lodges,Jan - May & Sept - Dec,https://www.nepalhikingteam.com
110,Helambu Trek,"1,00,500", 9 Days,Easy,3650 m,Hotel/Guesthouse,Jan - May & Sept- Dec,https://www.nepalhikingteam.com
111,Annapurna Base Camp Trek,"NPR 2,01,000", 11 Days,Demanding,"4,130m",Hotel/Guesthouse,Jan - May & Sept - Dec,https://www.himalayanglacier.com
112,Everest Base Camp Trek for Youths,"NPR 2,43,500", 14 Days,Demanding,"5,545m",Hotel/Guesthouse,Jan - May & Sept - Dec,https://www.himalayanglacier.com
113,Everest Base Camp Short Trek,"NPR 2,01,000", 14 Days,Demanding,"5,545m",Hotel/Guesthouse,Jan - May & Sept - Dec,https://www.himalayanglacier.com
114,Everest Base Camp Trek,"NPR 2,01,000", 16 Days,Moderate,"5,545m",Hotel/Guesthouse,Jan - May & Sept - Dec,https://www.himalayanglacier.com
115,Annapurna Circuit Trek,"NPR 2,01,000", 17 Days,Demanding,"5,416m",Hotel/Guesthouse,Jan - May & Sept - Dec,https://www.himalayanglacier.com
116,Everest Base Camp Luxury Lodge Trek,"NPR 2,01,000", 15 Days,Demanding,"5,545m",Hotel/Guesthouse,Jan - May & Sept - Dec,https://www.himalayanglacier.com
117,Everest Base Camp Trek via Gokyo Lakes and Cho La Pass,"NPR 2,01,000", 18 days,Demanding,"5,545m",Hotel/Guesthouse,Jan - May & Sept - Dec,https://www.himalayanglacier.com
118,Upper Mustang Trek,"NPR 2,01,000", 17 Days,Demanding,"3,870m",Hotel/Guesthouse,Jan - May & Sept - Dec,https://www.himalayanglacier.com
119,Everest Advanced Base Camp Trek from Tibet,"NPR 2,01,000", 18 Days,Demanding,"6,340m",Hotel/Guesthouse,Jan - May & Sept - Dec,https://www.himalayanglacier.com
120,Gokyo Lakes and Gokyo Ri Trek,"NPR 2,01,000", 14 Days,Moderate,"5,357m",Hotel/Guesthouse,Jan - May & Sept - Dec,https://www.himalayanglacier.com
121,Mardi Himal Trek,"NPR 2,01,000", 10 Days,Moderate,"3,540m",Hotel/Guesthouse,Jan - May & Sept - Dec,https://www.himalayanglacier.com
122,Manaslu Circuit Trek,"NPR 2,01,000", 18 Days,Demanding,"5,160m",Hotel/Guesthouse,Jan - May & Sept - Dec,https://www.himalayanglacier.com
123,Langtang Valley Trek,"NPR 2,01,000", 11 Days,Moderate,"5,000m",Hotel/Guesthouse,Jan - May & Sept - Dec,https://www.himalayanglacier.com
124,Annapurna Sanctuary Trek,"NPR 2,01,000", 14 Days,Demanding,"4,130m",Hotel/Guesthouse,Jan - May & Sept - Dec,https://www.himalayanglacier.com
125,Rara Lake Trek,"NPR 2,01,000", 15 Days,Moderate,"3,055m",Hotel/Guesthouse,Jan - May & Sept - Dec,https://www.himalayanglacier.com
126,Everest High Passes Trek,"NPR 2,01,000", 20 Days,Demanding,"5,546m",Hotel/Guesthouse,Jan - May & Sept - Dec,https://www.himalayanglacier.com
127,Kanchenjunga Circuit Trek,"NPR 2,01,000", 25 Days,Demanding,"5,143m",Hotel/Guesthouse,Jan - May & Sept - Dec,https://www.himalayanglacier.com
128,Everest View Trek,"NPR 2,01,000", 12 Days,Moderate,"3,870m",Hotel/Guesthouse,Jan - May & Sept - Dec,https://www.himalayanglacier.com
129,Tsum Valley Trek,"NPR 2,01,000", 19 Days,Demanding,"6,000m",Hotel/Guesthouse,Jan - May & Sept - Dec,https://www.himalayanglacier.com
130,The Royal Trek,"NPR 2,01,000", 9 Days,Moderate,"1,730m",Hotel/Guesthouse,Jan - May & Sept - Dec,https://www.himalayanglacier.com
131,Makalu Base Camp Trek,"NPR 2,01,000", 22 Days,Demanding,"4,870m",Hotel/Guesthouse,Jan - May & Sept - Dec,https://www.himalayanglacier.com
132,"Langtang, Gosainkunda and Helambu Trek","NPR 2,01,000", 17 Days,Moderate,"5,000m",Hotel/Guesthouse,Jan - May & Sept - Dec,https://www.himalayanglacier.com
133,Nar Phu Valley Trek,"NPR 2,01,000", 19 Days,Demanding,"5,416m",Hotel/Guesthouse,Jan - May & Sept - Dec,https://www.himalayanglacier.com
134,Annapurna Circle Trek,"NPR 2,01,000", 14 Days,Demanding,"5,416m",Hotel/Guesthouse,Jan - May & Sept - Dec,https://www.himalayanglacier.com
135,Everest Kangshung Face Trek,"NPR 2,01,000", 21 Days,Demanding,"5,320m",Hotel/Guesthouse,Jan - May & Sept - Dec,https://www.himalayanglacier.com
136,Tsum Valley and Manaslu Trek,"NPR 2,01,000", 27 Days,Demanding,"4,460m",Hotel/Guesthouse,Jan - May & Sept - Dec,https://www.himalayanglacier.com
137,Khopra Ridge Community Trek,"NPR 2,01,000", 13 Days,Demanding,"4,500m",Hotel/Guesthouse,Jan - May & Sept - Dec,https://www.himalayanglacier.com
138,Nepal Experience Tour,"NPR 2,01,000", 12 Days,Easy,"3,210m",Hotel/Guesthouse,Jan - May & Sept - Dec,https://www.himalayanglacier.com
139,Annapurna Circuit Trek with Tilicho Lake and Poon Hill,"NPR 2,01,000", 20 Days,Demanding,"5,416m",Hotel/Guesthouse,Jan - May & Sept - Dec,https://www.himalayanglacier.com
140,Annapurna With Tilicho Lake Trek,"NPR 2,01,000", 17 Days,Demanding,"5,416m",Hotel/Guesthouse,Jan - May & Sept - Dec,https://www.himalayanglacier.com
141,Langtang Valley Trek with Ganja la Pass,"NPR 2,01,000", 14 Days,Demanding,"5,122m",Hotel/Guesthouse,Jan - May & Sept - Dec,https://www.himalayanglacier.com
142,Tamang Heritage Trek,"NPR 2,01,000", 14 Days,Moderate,"3,870m",Hotel/Guesthouse,Jan - May & Sept - Dec,https://www.himalayanglacier.com
143,Manaslu and Annapurna Trek with Tilicho Lake,"NPR 2,01,000", 25 Days,Demanding,"5,416m",Hotel/Guesthouse,Jan - May & Sept - Dec,https://www.himalayanglacier.com
144,Nepal Trekking and Everest Himalaya Heli Tour,"NPR 2,01,000", 7 Days,Moderate,"5,545m",Hotel/Guesthouse,Jan - May & Sept - Dec,https://www.himalayanglacier.com
145,Nepal Hiking and Culture Tour,"NPR 2,01,000", 8 Days,Moderate,"1,550m",Hotel/Guesthouse,Jan - May & Sept - Dec,https://www.himalayanglacier.com
146,Annapurna Sunrise and Everest View Trek,"NPR 2,01,000", 17 Days,Moderate,"3,870m",Hotel/Guesthouse,Jan - May & Sept - Dec,https://www.himalayanglacier.com
147,Tenzing Hillary Everest Marathon,"NPR 2,01,000", 20 Days,Demanding,"5,545m",Hotel/Guesthouse,Jan - May & Sept - Dec,https://www.himalayanglacier.com
148,Everest Base Camp Trek,"NPR 1,94,300",16 Days,Hard,"5,545m",Hotel/Guesthouse,Jan - May & Sept - Dec,https://www.adventurehimalayacircuit.com
149,Everest Kalapathar Trekking,"NPR 1,86,260",15 Days,Hard,"5,545m",Hotel/Guesthouse,Jan - May & Sept - Dec,https://www.adventurehimalayacircuit.com
150,Everest Panorama Trek,"NPR 1,39,360",10 Days,Easy,"3,860m",Hotel/Guesthouse,Jan - May & Sept - Dec,https://www.adventurehimalayacircuit.com
151,Everest Base Camp Trek via Gokyo Lake,"NPR 2,05,020",19 Days,Easy,"5,545m",Hotel/Guesthouse,Jan - May & Sept - Dec,https://www.adventurehimalayacircuit.com
152,Gokyo Lake Trek,"NPR 1,39,500",13 Days,Moderate,"5,357m",Hotel/Guesthouse,Jan - May & Sept - Dec,https://www.adventurehimalayacircuit.com
153,Everest Base Camp Heli Trek,"NPR 4,82,400",9 Days,Moderate,"5,545m",Hotel/Guesthouse,Jan - May & Sept - Dec,https://www.adventurehimalayacircuit.com
154,Annapurna Circuit Trek,"NPR 1,47,400",19 Days,Hard,"5,416m",Hotel/Guesthouse,Jan - May & Sept - Dec,https://www.adventurehimalayacircuit.com
155,Annapurna Base Camp Trek,"NPR 1,46,060",16 Days,Moderate,"4,130m",Hotel/Guesthouse,Jan - May & Sept - Dec,https://www.adventurehimalayacircuit.com
156,Ghorepani Poon Hill Trek,"NPR 60,300",10 Days,Easy,"3,210m",Hotel/Guesthouse,Jan - May & Sept - Dec,https://www.adventurehimalayacircuit.com
157,Upper Mustang Trek,"NPR 2,30,000",17 Days,Hard,4200m,Hotel/Guesthouse,Jan - May & Sept - Dec,https://www.adventurehimalayacircuit.com
158,Mardi Himal Trek,"NPR 80,000",9 Days,Easy,"4,500m",Hotel/Guesthouse,Jan - May & Sept - Dec,https://www.adventurehimalayacircuit.com
159,Langtang Valley Trekking," NPR 1,00,500",11 Days,Moderate,"4,773m",Hotel/Guesthouse,Jan - May & Sept - Dec,https://www.adventurehimalayacircuit.com
160,Manaslu Circuit Trek,"NPR 1,47,000",17 Days,Hard,"5,220m",Hotel/Guesthouse,Jan - May & Sept - Dec,https://www.adventurehimalayacircuit.com
161,Annapurna Base Camp Trek,"NPR 1,34,000", 14 Days,Moderate,4210 m,Hotel/Guesthouse,March - May & Sept - Dec,https://www.nepalhikingteam.com
162,Annapurna Base Camp Short Trek,"NPR 1,34,000", 11 Days,Easy,4210 m,Hotel/Teahouses,March - May & Sept - Dec,https://www.nepalhikingteam.com
163,Instant Annapurna Base Camp Trek,"NPR 1,14,000", 9 Days,Moderate,4230 m,Hotel/Guest Houses,March - May & Sept - Dec.,https://www.nepalhikingteam.com
164,Annapurna Base Camp Heli Trek,"NPR 2,34,500", 9 Days,Easy,4210 m,Hotel/Teahouses,March - May & Sept - Dec,https://www.nepalhikingteam.com
165,Mardi Himal Trek,"NPR 1,13,900", 9 Days,Easy,4200 m,Hotel/Guesthouses,March - May & Sept - Dec,https://www.nepalhikingteam.com
166,Mardi Himal Trekking,"NPR 1,13,900", 8 Days,Easy,"4,200 m",Hotel/Guesthouse,March-May & Sept-Dec.,https://www.nepalhikingteam.com
167,Classic Annapurna Circuit Trek,"NPR 1,80,900", 18 Days,Moderate,5416 m,Hotel/Teahouses,March - May & Sept - Nov,https://www.nepalhikingteam.com
168,Annapurna Circuit Trek,"NPR 1,67,500", 14 Days,Moderate,5416 m,Hotel/Teahouses,March-May & Sept-Dec,https://www.nepalhikingteam.com
169,Annapurna Circuit Short Trek,"NPR 1,67,500", 12 Days,Hard,5416 m,Hotel/Guesthouse,March - May & Sept - Nov.,https://www.nepalhikingteam.com
170,Annapurna Luxury Trek,"NPR 1,94,300", 9 Days,Easy,2012m,Hotel/Luxury Lodges,March - May & Setpt - Dec,https://www.nepalhikingteam.com
171,Annapurna Panorama Trek,"NPR 1,12,500", 9 Days,Easy,3210 m,Hotel/Teahouse,Jan - May & Sept - Dec,https://www.nepalhikingteam.com
172,Annapurna Tilicho Lake Trek,"NPR 1,94,500", 17 Days,Hard,5416 m,Hotel/Guesthouse,March - May & Sept - Nov,https://www.nepalhikingteam.com
173,Short Annapurna Trek,"NPR 79,090", 5 Days,Easy,1990 m,Hotel/Lodges,Jan- May & Sept - Dec,https://www.nepalhikingteam.com
174,Manaslu Circuit Trek,"NPR 1,94,500", 15 Days,Hard,5106 m,Hotel/Guesthouse,March - May & Sept - Nov,https://www.nepalhikingteam.com
175,Manaslu Circuit Trekking,"NPR 1,84,920", 14 Days,Moderate,5220 m,Hotel/Teahouses,March - May & Setpt - Nov,https://www.nepalhikingteam.com
176,Tsum Valley with Manaslu Trek,"NPR 2,47,900", 20 Days,Hard,5220 m,Hotel/Guesthouse,March - May & Sept - Nov,https://www.nepalhikingteam.com
177,Upper Mustang Trek,"NPR 2,88,100", 17 Days,Moderate,4210 m,Hotel/Guesthouse,March - May & Sept - Nov.,https://www.nepalhikingteam.com
178,Upper Mustang Trek with Yara,"NPR 3,08,200", 18 Days,Moderate,4200 m,Hotel/Lodges,March - Nov,https://www.nepalhikingteam.com
179,Upper Mustang Tiji Festival Trek,"NPR 2,88,100", 18 Days,Moderate,4210 m,Hotel/Teahouses,March - May & Sept - Nov,https://www.nepalhikingteam.com
180,Langtang Valley Trek,"NPR 1,00,500", 10 Days,Easy,5050 m,Hotel/Teahouse,March-May & Sept-Dec,https://www.nepalhikingteam.com
181,Langtang Gosaikunda Trek,"NPR 1,58,120", 16 Days,Easy,4600m,Hotel/Guesthouse,March - May & Sept - Dec,https://www.nepalhikingteam.com
182,Tamang Heritage Trek,"NPR 1,23,280", 14 Days,Moderate,5050 m,Hotel/Guesthouse,March - May & Sept - Dec,https://www.nepalhikingteam.com
183,Tamang Heritage Trail,"NPR 1,00,500", 8 Days,Easy,2607 m,Teahouses/Lodges,Jan - May & Sept - Dec,https://www.nepalhikingteam.com
184,Helambu Trek,"NPR 1,04,520", 9 Days,Easy,3650 m,Hotel/Guesthouse,Jan - May & Sept- Dec,https://www.nepalhikingteam.com
185,Annapurna Base Camp Trek,"NPR 2,01,000", 11 Days,Moderate,"4,130m",Hotel/Guesthouse,Jan - May & Sept - Dec,https://www.himalayanglacier.com
186,Everest Base Camp Trek for Youths,"NPR 2,34,500", 14 Days,Demanding,"5,545m",Hotel/Guesthouse,Jan - May & Sept - Dec,https://www.himalayanglacier.com
187,Everest Base Camp Short Trek,"NPR 2,01,000", 14 Days,Demanding,"5,545m",Hotel/Guesthouse,Jan - May & Sept - Dec,https://www.himalayanglacier.com
188,Everest Base Camp Trek,"NPR 2,01,000", 16 Days,Demanding,"5,545m",Hotel/Guesthouse,Jan - May & Sept - Dec,https://www.himalayanglacier.com
189,Annapurna Circuit Trek,"NPR 2,01,000", 17 Days,Demanding,"5,416m",Hotel/Guesthouse,Jan - May & Sept - Dec,https://www.himalayanglacier.com
190,Everest Base Camp Luxury Lodge Trek,"NPR 2,01,000", 15 Days,Demanding,"5,545m",Hotel/Guesthouse,Jan - May & Sept - Dec,https://www.himalayanglacier.com
191,Everest Base Camp Trek via Gokyo Lakes and Cho La Pass,"NPR 2,01,000", 18 days,Demanding,"5,545m",Hotel/Guesthouse,Jan - May & Sept - Dec,https://www.himalayanglacier.com
192,Upper Mustang Trek,"NPR 2,01,000", 17 Days,Demanding,"3,870m",Hotel/Guesthouse,Jan - May & Sept - Dec,https://www.himalayanglacier.com
193,Everest Advanced Base Camp Trek from Tibet,"NPR 2,01,000", 18 Days,Demanding,"6,340m",Hotel/Guesthouse,Jan - May & Sept - Dec,https://www.himalayanglacier.com
194,Gokyo Lakes and Gokyo Ri Trek,"NPR 2,01,000", 14 Days,Moderate,"5,357m",Hotel/Guesthouse,Jan - May & Sept - Dec,https://www.himalayanglacier.com
195,Mardi Himal Trek,"NPR 2,01,000", 10 Days,Moderate,"3,540m",Hotel/Guesthouse,Jan - May & Sept - Dec,https://www.himalayanglacier.com
196,Manaslu Circuit Trek,"NPR 2,01,000", 18 Days,Demanding,"5,160m",Hotel/Guesthouse,Jan - May & Sept - Dec,https://www.himalayanglacier.com
197,Langtang Valley Trek,"NPR 2,01,000", 11 Days,Moderate,"5,000m",Hotel/Guesthouse,Jan - May & Sept - Dec,https://www.himalayanglacier.com
198,Annapurna Sanctuary Trek,"NPR 2,01,000", 14 Days,Moderate,"4,130m",Hotel/Guesthouse,Jan - May & Sept - Dec,https://www.himalayanglacier.com
199,Rara Lake Trek,"NPR 2,01,000", 15 Days,Moderate,"3,055m",Hotel/Guesthouse,Jan - May & Sept - Dec,https://www.himalayanglacier.com
200,Everest High Passes Trek,"NPR 2,01,000", 20 Days,Demanding,"5,546m",Hotel/Guesthouse,Jan - May & Sept - Dec,https://www.himalayanglacier.com
201,Kanchenjunga Circuit Trek,"NPR 2,01,000", 25 Days,Demanding,"5,143m",Hotel/Guesthouse,Jan - May & Sept - Dec,https://www.himalayanglacier.com
202,Everest View Trek,"NPR 2,01,000", 12 Days,Moderate,"3,870m",Hotel/Guesthouse,Jan - May & Sept - Dec,https://www.himalayanglacier.com
203,Tsum Valley Trek,"NPR 2,01,000", 19 Days,Demanding,"6,000m",Hotel/Guesthouse,Jan - May & Sept - Dec,https://www.himalayanglacier.com
204,The Royal Trek,"NPR 2,01,000", 9 Days,Moderate,"1,730m",Hotel/Guesthouse,Jan - May & Sept - Dec,https://www.himalayanglacier.com
205,Makalu Base Camp Trek,"NPR 2,01,000", 22 Days,Demanding,"4,870m",Hotel/Guesthouse,Jan - May & Sept - Dec,https://www.himalayanglacier.com
206,"Langtang, Gosainkunda and Helambu Trek","NPR 2,01,000", 17 Days,Moderate,"5,000m",Hotel/Guesthouse,Jan - May & Sept - Dec,https://www.himalayanglacier.com
207,Nar Phu Valley Trek,"NPR 2,01,000", 19 Days,Demanding,"5,416m",Hotel/Guesthouse,Jan - May & Sept - Dec,https://www.himalayanglacier.com
208,Annapurna Circle Trek,"NPR 2,01,000", 14 Days,Demanding,"5,416m",Hotel/Guesthouse,Jan - May & Sept - Dec,https://www.himalayanglacier.com
209,Everest Kangshung Face Trek,"NPR 2,01,000", 21 Days,Demanding,"5,320m",Hotel/Guesthouse,Jan - May & Sept - Dec,https://www.himalayanglacier.com
210,Tsum Valley and Manaslu Trek,"NPR 2,01,000", 27 Days,Demanding,"4,460m",Hotel/Guesthouse,Jan - May & Sept - Dec,https://www.himalayanglacier.com
211,Khopra Ridge Community Trek,"NPR 2,01,000", 13 Days,Moderate,"4,500m",Hotel/Guesthouse,Jan - May & Sept - Dec,https://www.himalayanglacier.com
212,Nepal Experience Tour,"NPR 2,01,000", 12 Days,Easy,"3,210m",Hotel/Guesthouse,Jan - May & Sept - Dec,https://www.himalayanglacier.com
213,Annapurna Circuit Trek with Tilicho Lake and Poon Hill,"NPR 2,01,000", 20 Days,Demanding,"5,416m",Hotel/Guesthouse,Jan - May & Sept - Dec,https://www.himalayanglacier.com
214,Annapurna With Tilicho Lake Trek,"NPR 2,01,000", 17 Days,Demanding,"5,416m",Hotel/Guesthouse,Jan - May & Sept - Dec,https://www.himalayanglacier.com
215,Langtang Valley Trek with Ganja la Pass,"NPR 2,01,000", 14 Days,Demanding,"5,122m",Hotel/Guesthouse,Jan - May & Sept - Dec,https://www.himalayanglacier.com
216,Tamang Heritage Trek,"NPR 2,01,000", 14 Days,Moderate,"3,870m",Hotel/Guesthouse,Jan - May & Sept - Dec,https://www.himalayanglacier.com
217,Manaslu and Annapurna Trek with Tilicho Lake,"NPR 2,01,000", 25 Days,Demanding,"5,416m",Hotel/Guesthouse,Jan - May & Sept - Dec,https://www.himalayanglacier.com
218,Nepal Trekking and Everest Himalaya Heli Tour,"NPR 2,01,000", 7 Days,Moderate,"5,545m",Hotel/Guesthouse,Jan - May & Sept - Dec,https://www.himalayanglacier.com
219,Nepal Hiking and Culture Tour,"NPR 2,01,000", 8 Days,Moderate,"1,550m",Hotel/Guesthouse,Jan - May & Sept - Dec,https://www.himalayanglacier.com
220,Annapurna Sunrise and Everest View Trek,"NPR 2,01,000", 17 Days,Moderate,"3,870m",Hotel/Guesthouse,Jan - May & Sept - Dec,https://www.himalayanglacier.com
221,Tenzing Hillary Everest Marathon,"NPR 2,01,000", 20 Days,Demanding,"5,545m",Hotel/Guesthouse,Jan - May & Sept - Dec,https://www.himalayanglacier.com
222,Everest Base Camp Trek,"NPR 1,94,300",16 Days,Hard,"5,545m",Hotel/Guesthouse,Jan - May & Sept - Dec,https://www.adventurehimalayacircuit.com
223,Everest Kalapathar Trekking,"NPR 1,86,260",15 Days,Hard,"5,545m",Hotel/Guesthouse,Jan - May & Sept - Dec,https://www.adventurehimalayacircuit.com
224,Everest Panorama Trek,"NPR 1,39,360",10 Days,Easy,"3,860m",Hotel/Guesthouse,Jan - May & Sept - Dec,https://www.adventurehimalayacircuit.com
225,Everest Base Camp Trek via Gokyo Lake,"NPR 2,05,020",19 Days,Hard,"5,545m",Hotel/Guesthouse,Jan - May & Sept - Dec,https://www.adventurehimalayacircuit.com
226,Gokyo Lake Trek,"NPR 1,59,460",13 Days,Moderate,"5,357m",Hotel/Guesthouse,Jan - May & Sept - Dec,https://www.adventurehimalayacircuit.com
227,Everest Base Camp Heli Trek,"NPR 4,82,400",9 Days,Moderate,"5,545m",Hotel/Guesthouse,Jan - May & Sept - Dec,https://www.adventurehimalayacircuit.com
228,Annapurna Circuit Trek,"NPR 1,47,400",19 Days,Hard,"5,416m",Hotel/Guesthouse,Jan - May & Sept - Dec,https://www.adventurehimalayacircuit.com
229,Annapurna Base Camp Trek,"NPR 1,46,000",16 Days,Moderate,"4,130m",Hotel/Guesthouse,Jan - May & Sept - Dec,https://www.adventurehimalayacircuit.com
230,Ghorepani Poon Hill Trek,"NPR 61,700",10 Days,Hard,"3,210m",Hotel/Guesthouse,Jan - May & Sept - Dec,https://www.adventurehimalayacircuit.com
231,Upper Mustang Trek,"NPR 2,81,500",17 Days,Hard,4200m,Hotel/Guesthouse,Jan - May & Sept - Dec,https://www.adventurehimalayacircuit.com
232,Mardi Himal Trek,"NPR 80,000",9 Days,Easy,"4,500m",Hotel/Guesthouse,Jan - May & Sept - Dec,https://www.adventurehimalayacircuit.com
233,Langtang Valley Trekking,"NPR 92,460",11 Days,Moderate,"4,773m",Hotel/Guesthouse,Jan - May & Sept - Dec,https://www.adventurehimalayacircuit.com
234,Manaslu Circuit Trek,"NPR 1,59,500",17 Days,Hard,"5,220m",Hotel/Guesthouse,Jan - May & Sept - Dec,https://www.adventurehimalayacircuit.com
235,Annapurna Base Camp Trek,"NPR 1,46,000", 14 Days,Moderate,4210 m,Hotel/Guesthouse,March - May & Sept - Dec,https://www.nepalhikingteam.com
236,Annapurna Base Camp Short Trek,"NPR 1,46,000", 11 Days,Easy,4210 m,Hotel/Teahouses,March - May & Sept - Dec,https://www.nepalhikingteam.com
237,Instant Annapurna Base Camp Trek,"NPR 1,31,320", 9 Days,Moderate,4230 m,Hotel/Guest Houses,March - May & Sept - Dec.,https://www.nepalhikingteam.com
238,Annapurna Base Camp Heli Trek,"NPR 2,34,500", 9 Days,Easy,4210 m,Hotel/Teahouses,March - May & Sept - Dec,https://www.nepalhikingteam.com
239,Mardi Himal Trek,"NPR 1,13,900", 9 Days,Easy,4200 m,Hotel/Guesthouses,March - May & Sept - Dec,https://www.nepalhikingteam.com
240,Mardi Himal Trekking,"NPR 1,13,900", 8 Days,Easy,"4,200 m",Hotel/Guesthouse,March-May & Sept-Dec.,https://www.nepalhikingteam.com
241,Classic Annapurna Circuit Trek,"NPR 1,80,900", 18 Days,Moderate,5416 m,Hotel/Teahouses,March - May & Sept - Nov,https://www.nepalhikingteam.com
242,Annapurna Circuit Trek,"NPR 1,67,500", 14 Days,Moderate,5416 m,Hotel/Teahouses,March-May & Sept-Dec,https://www.nepalhikingteam.com
243,Annapurna Circuit Short Trek,"NPR 1,67,500", 12 Days,Hard,5416 m,Hotel/Guesthouse,March - May & Sept - Nov.,https://www.nepalhikingteam.com
244,Annapurna Luxury Trek,"NPR 1,94,300", 9 Days,Easy,2012m,Hotel/Luxury Lodges,March - May & Setpt - Dec,https://www.nepalhikingteam.com
245,Annapurna Panorama Trek,"NPR 1,15,240", 9 Days,Easy,3210 m,Hotel/Teahouse,Jan - May & Sept - Dec,https://www.nepalhikingteam.com
246,Annapurna Tilicho Lake Trek,"NPR 1,94,300", 17 Days,Hard,5416 m,Hotel/Guesthouse,March - May & Sept - Nov,https://www.nepalhikingteam.com
247,Short Annapurna Trek,"NPR 80,000", 5 Days,Easy,1990 m,Hotel/Lodges,Jan- May & Sept - Dec,https://www.nepalhikingteam.com
248,Manaslu Circuit Trek,"NPR 1,94,300", 15 Days,Hard,5106 m,Hotel/Guesthouse,March - May & Sept - Nov,https://www.nepalhikingteam.com
249,Manaslu Circuit Trekking,"NPR 1,84,920", 14 Days,Moderate,5220 m,Hotel/Teahouses,March - May & Setpt - Nov,https://www.nepalhikingteam.com
250,Tsum Valley with Manaslu Trek,"NPR 2,47,900", 20 Days,Hard,5220 m,Hotel/Guesthouse,March - May & Sept - Nov,https://www.nepalhikingteam.com
251,Upper Mustang Trek,"NPR 2,88,100", 17 Days,Moderate,4210 m,Hotel/Guesthouse,March - May & Sept - Nov.,https://www.nepalhikingteam.com
252,Upper Mustang Trek with Yara,"NPR 3,08,200", 18 Days,Moderate,4200 m,Hotel/Lodges,March - Nov,https://www.nepalhikingteam.com
253,Upper Mustang Tiji Festival Trek,"NPR 2,88,100", 18 Days,Moderate,4210 m,Hotel/Teahouses,March - May & Sept - Nov,https://www.nepalhikingteam.com
254,Langtang Valley Trek,"NPR 1,00,500", 10 Days,Easy,5050 m,Hotel/Teahouse,March-May & Sept-Dec,https://www.nepalhikingteam.com
255,Langtang Gosaikunda Trek,"NPR 1,58,120", 16 Days,Moderate,4600m,Hotel/Guesthouse,March - May & Sept - Dec,https://www.nepalhikingteam.com
256,Tamang Heritage Trek,"NPR 1,23,280", 14 Days,Moderate,5050 m,Hotel/Guesthouse,March - May & Sept - Dec,https://www.nepalhikingteam.com
257,Tamang Heritage Trail,"NPR 1,00,500", 8 Days,Easy,2607 m,Teahouses/Lodges,Jan - May & Sept - Dec,https://www.nepalhikingteam.com
258,Helambu Trek,"NPR 1,04,520", 9 Days,Easy,3650 m,Hotel/Guesthouse,Jan - May & Sept- Dec,https://www.nepalhikingteam.com
259,Annapurna Base Camp Trek,"NPR 2,01,000", 11 Days,Moderate,"4,130m",Hotel/Guesthouse,Jan - May & Sept - Dec,https://www.himalayanglacier.com
260,Everest Base Camp Trek for Youths,"NPR 2,34,500", 14 Days,Demanding,"5,545m",Hotel/Guesthouse,Jan - May & Sept - Dec,https://www.himalayanglacier.com
261,Everest Base Camp Short Trek,"NPR 2,01,000", 14 Days,Demanding,"5,545m",Hotel/Guesthouse,Jan - May & Sept - Dec,https://www.himalayanglacier.com
262,Everest Base Camp Trek,"NPR 2,01,000", 16 Days,Demanding,"5,545m",Hotel/Guesthouse,Jan - May & Sept - Dec,https://www.himalayanglacier.com
263,Annapurna Circuit Trek,"NPR 2,01,000", 17 Days,Demanding,"5,416m",Hotel/Guesthouse,Jan - May & Sept - Dec,https://www.himalayanglacier.com
264,Everest Base Camp Luxury Lodge Trek,"NPR 2,01,000", 15 Days,Demanding,"5,545m",Hotel/Guesthouse,Jan - May & Sept - Dec,https://www.himalayanglacier.com
265,Everest Base Camp Trek via Gokyo Lakes and Cho La Pass,"NPR 2,01,000", 18 days,Demanding,"5,545m",Hotel/Guesthouse,Jan - May & Sept - Dec,https://www.himalayanglacier.com
266,Upper Mustang Trek,"NPR 2,01,000", 17 Days,Demanding,"3,870m",Hotel/Guesthouse,Jan - May & Sept - Dec,https://www.himalayanglacier.com
267,Everest Advanced Base Camp Trek from Tibet,"NPR 2,01,000", 18 Days,Demanding,"6,340m",Hotel/Guesthouse,Jan - May & Sept - Dec,https://www.himalayanglacier.com
268,Gokyo Lakes and Gokyo Ri Trek,"NPR 2,01,000", 14 Days,Demanding,"5,357m",Hotel/Guesthouse,Jan - May & Sept - Dec,https://www.himalayanglacier.com
269,Mardi Himal Trek,"NPR 2,01,000", 10 Days,Moderate,"3,540m",Hotel/Guesthouse,Jan - May & Sept - Dec,https://www.himalayanglacier.com
270,Manaslu Circuit Trek,"NPR 2,01,000", 18 Days,Demanding,"5,160m",Hotel/Guesthouse,Jan - May & Sept - Dec,https://www.himalayanglacier.com
271,Langtang Valley Trek,"NPR 2,01,000", 11 Days,Moderate,"5,000m",Hotel/Guesthouse,Jan - May & Sept - Dec,https://www.himalayanglacier.com
272,Annapurna Sanctuary Trek,"NPR 2,01,000", 14 Days,Demanding,"4,130m",Hotel/Guesthouse,Jan - May & Sept - Dec,https://www.himalayanglacier.com
273,Rara Lake Trek,"NPR 2,01,000", 15 Days,Moderate,"3,055m",Hotel/Guesthouse,Jan - May & Sept - Dec,https://www.himalayanglacier.com
274,Everest High Passes Trek,"NPR 2,01,000", 20 Days,Demanding,"5,546m",Hotel/Guesthouse,Jan - May & Sept - Dec,https://www.himalayanglacier.com
275,Kanchenjunga Circuit Trek,"NPR 2,01,000", 25 Days,Demanding,"5,143m",Hotel/Guesthouse,Jan - May & Sept - Dec,https://www.himalayanglacier.com
276,Everest View Trek,"NPR 2,01,000", 12 Days,Moderate,"3,870m",Hotel/Guesthouse,Jan - May & Sept - Dec,https://www.himalayanglacier.com
277,Tsum Valley Trek,"NPR 2,01,000", 19 Days,Demanding,"6,000m",Hotel/Guesthouse,Jan - May & Sept - Dec,https://www.himalayanglacier.com
278,The Royal Trek,"NPR 2,01,000", 9 Days,Moderate,"1,730m",Hotel/Guesthouse,Jan - May & Sept - Dec,https://www.himalayanglacier.com
279,Makalu Base Camp Trek,"NPR 2,01,000", 22 Days,Demanding,"4,870m",Hotel/Guesthouse,Jan - May & Sept - Dec,https://www.himalayanglacier.com
280,"Langtang, Gosainkunda and Helambu Trek","NPR 2,01,000", 17 Days,Moderate,"5,000m",Hotel/Guesthouse,Jan - May & Sept - Dec,https://www.himalayanglacier.com
281,Nar Phu Valley Trek,"NPR 2,01,000", 19 Days,Demanding,"5,416m",Hotel/Guesthouse,Jan - May & Sept - Dec,https://www.himalayanglacier.com
282,Annapurna Circle Trek,"NPR 2,01,000", 14 Days,Demanding,"5,416m",Hotel/Guesthouse,Jan - May & Sept - Dec,https://www.himalayanglacier.com
283,Everest Kangshung Face Trek,"NPR 2,01,000", 21 Days,Demanding,"5,320m",Hotel/Guesthouse,Jan - May & Sept - Dec,https://www.himalayanglacier.com
284,Tsum Valley and Manaslu Trek,"NPR 2,01,000", 27 Days,Demanding,"4,460m",Hotel/Guesthouse,Jan - May & Sept - Dec,https://www.himalayanglacier.com
285,Khopra Ridge Community Trek,"NPR 2,01,000", 13 Days,Moderate,"4,500m",Hotel/Guesthouse,Jan - May & Sept - Dec,https://www.himalayanglacier.com
286,Nepal Experience Tour,"NPR 2,01,000", 12 Days,Easy,"3,210m",Hotel/Guesthouse,Jan - May & Sept - Dec,https://www.himalayanglacier.com
287,Annapurna Circuit Trek with Tilicho Lake and Poon Hill,"NPR 2,01,000", 20 Days,Demanding,"5,416m",Hotel/Guesthouse,Jan - May & Sept - Dec,https://www.himalayanglacier.com
288,Annapurna With Tilicho Lake Trek,"NPR 2,01,000", 17 Days,Demanding,"5,416m",Hotel/Guesthouse,Jan - May & Sept - Dec,https://www.himalayanglacier.com
289,Langtang Valley Trek with Ganja la Pass,"NPR 2,01,000", 14 Days,Demanding,"5,122m",Hotel/Guesthouse,Jan - May & Sept - Dec,https://www.himalayanglacier.com
290,Tamang Heritage Trek,"NPR 2,01,000", 14 Days,Moderate,"3,870m",Hotel/Guesthouse,Jan - May & Sept - Dec,https://www.himalayanglacier.com
291,Manaslu and Annapurna Trek with Tilicho Lake,"NPR 2,01,000", 25 Days,Demanding,"5,416m",Hotel/Guesthouse,Jan - May & Sept - Dec,https://www.himalayanglacier.com
292,Nepal Trekking and Everest Himalaya Heli Tour,"NPR 2,01,000", 7 Days,Moderate,"5,545m",Hotel/Guesthouse,Jan - May & Sept - Dec,https://www.himalayanglacier.com
293,Nepal Hiking and Culture Tour,"NPR 2,01,000", 8 Days,Moderate,"1,550m",Hotel/Guesthouse,Jan - May & Sept - Dec,https://www.himalayanglacier.com
294,Annapurna Sunrise and Everest View Trek,"NPR 2,01,000", 17 Days,Moderate,"3,870m",Hotel/Guesthouse,Jan - May & Sept - Dec,https://www.himalayanglacier.com
295,Tenzing Hillary Everest Marathon,"NPR 2,01,000", 20 Days,Demanding,"5,545m",Hotel/Guesthouse,Jan - May & Sept - Dec,https://www.himalayanglacier.com
296,Everest Base Camp Trek,"NPR 1,94,300",16 Days,Hard,"5,545m",Hotel/Guesthouse,Jan - May & Sept - Dec,https://www.adventurehimalayacircuit.com
297,Everest Kalapathar Trekking,"NPR 1,86,260",15 Days,Hard,"5,545m",Hotel/Guesthouse,Jan - May & Sept - Dec,https://www.adventurehimalayacircuit.com
298,Everest Panorama Trek,"NPR 1,39,360",10 Days,Easy,"3,860m",Hotel/Guesthouse,Jan - May & Sept - Dec,https://www.adventurehimalayacircuit.com
299,Everest Base Camp Trek via Gokyo Lake,"NPR 2,05,030",19 Days,Hard,"5,545m",Hotel/Guesthouse,Jan - May & Sept - Dec,https://www.adventurehimalayacircuit.com
300,Gokyo Lake Trek,"NPR 1,59,460",13 Days,Moderate,"5,357m",Hotel/Guesthouse,Jan - May & Sept - Dec,https://www.adventurehimalayacircuit.com
301,Everest Base Camp Heli Trek,"NPR 4,82,400",9 Days,Moderate,"5,545m",Hotel/Guesthouse,Jan - May & Sept - Dec,https://www.adventurehimalayacircuit.com
302,Annapurna Circuit Trek,"NPR 1,47,400",19 Days,Hard,"5,416m",Hotel/Guesthouse,Jan - May & Sept - Dec,https://www.adventurehimalayacircuit.com
303,Annapurna Base Camp Trek,"NPR 1,46,060",16 Days,Moderate,"4,130m",Hotel/Guesthouse,Jan - May & Sept - Dec,https://www.adventurehimalayacircuit.com
304,Ghorepani Poon Hill Trek,"NPR 60,300",10 Days,Easy,"3,210m",Hotel/Guesthouse,Jan - May & Sept - Dec,https://www.adventurehimalayacircuit.com
305,Upper Mustang Trek,"NPR 2,81,400",17 Days,Hard,4200m,Hotel/Guesthouse,Jan - May & Sept - Dec,https://www.adventurehimalayacircuit.com
306,Mardi Himal Trek,"NPR 79,060",9 Days,Easy,"4,500m",Hotel/Guesthouse,Jan - May & Sept - Dec,https://www.adventurehimalayacircuit.com
307,Langtang Valley Trekking,"NPR 92,460",11 Days,Moderate,"4,773m",Hotel/Guesthouse,Jan - May & Sept - Dec,https://www.adventurehimalayacircuit.com
308,Manaslu Circuit Trek,"NPR 1,59,460",17 Days,Hard,"5,220m",Hotel/Guesthouse,Jan - May & Sept - Dec,https://www.adventurehimalayacircuit.com
309,Annapurna Base Camp Trek,"NPR 1,46,060", 14 Days,Moderate,4210 m,Hotel/Guesthouse,March - May & Sept - Dec,https://www.nepalhikingteam.com
310,Annapurna Base Camp Short Trek,"NPR 1,33,500", 11 Days,Moderate,4210 m,Hotel/Teahouses,March - May & Sept - Dec,https://www.nepalhikingteam.com
311,Instant Annapurna Base Camp Trek,"NPR 1,31,320", 9 Days,Moderate,4230 m,Hotel/Guest Houses,March - May & Sept - Dec.,https://www.nepalhikingteam.com
312,Annapurna Base Camp Heli Trek,"NPR 2,34,500", 9 Days,Easy,4210 m,Hotel/Teahouses,March - May & Sept - Dec,https://www.nepalhikingteam.com
313,Mardi Himal Trek,"NPR 1,13,900", 9 Days,Easy,4200 m,Hotel/Guesthouses,March - May & Sept - Dec,https://www.nepalhikingteam.com
314,Mardi Himal Trekking,"NPR 1,13,900", 8 Days,Easy,"4,200 m",Hotel/Guesthouse,March-May & Sept-Dec.,https://www.nepalhikingteam.com
315,Classic Annapurna Circuit Trek,"NPR 1,80,900", 18 Days,Moderate,5416 m,Hotel/Teahouses,March - May & Sept - Nov,https://www.nepalhikingteam.com
316,Annapurna Circuit Trek,"NPR 1,67,500", 14 Days,Moderate,5416 m,Hotel/Teahouses,March-May & Sept-Dec,https://www.nepalhikingteam.com
317,Annapurna Circuit Short Trek,"NPR 1,67,500", 12 Days,Hard,5416 m,Hotel/Guesthouse,March - May & Sept - Nov.,https://www.nepalhikingteam.com
318,Annapurna Luxury Trek,"NPR 1,94,300", 9 Days,Easy,2012m,Hotel/Luxury Lodges,March - May & Setpt - Dec,https://www.nepalhikingteam.com
319,Annapurna Panorama Trek,"NPR 1,15,240", 9 Days,Easy,3210 m,Hotel/Teahouse,Jan - May & Sept - Dec,https://www.nepalhikingteam.com
320,Annapurna Tilicho Lake Trek,"NPR 1,94,500", 17 Days,Hard,5416 m,Hotel/Guesthouse,March - May & Sept - Nov,https://www.nepalhikingteam.com
321,Short Annapurna Trek,"NPR 80,000", 5 Days,Easy,1990 m,Hotel/Lodges,Jan- May & Sept - Dec,https://www.nepalhikingteam.com
322,Manaslu Circuit Trek,"NPR 1,94,300", 15 Days,Hard,5106 m,Hotel/Guesthouse,March - May & Sept - Nov,https://www.nepalhikingteam.com
323,Manaslu Circuit Trekking,"NPR 1,84,920", 14 Days,Moderate,5220 m,Hotel/Teahouses,March - May & Setpt - Nov,https://www.nepalhikingteam.com
324,Tsum Valley with Manaslu Trek,"NPR 2,47,900", 20 Days,Hard,5220 m,Hotel/Guesthouse,March - May & Sept - Nov,https://www.nepalhikingteam.com
325,Upper Mustang Trek,"NPR 1,94,300", 17 Days,Moderate,4210 m,Hotel/Guesthouse,March - May & Sept - Nov.,https://www.nepalhikingteam.com
326,Upper Mustang Trek with Yara,"NPR 3,08,200", 18 Days,Moderate,4200 m,Hotel/Lodges,March - Nov,https://www.nepalhikingteam.com
327,Upper Mustang Tiji Festival Trek,"NPR 2,88,100", 18 Days,Moderate,4210 m,Hotel/Teahouses,March - May & Sept - Nov,https://www.nepalhikingteam.com
328,Langtang Valley Trek,"NPR 1,00,500", 10 Days,Moderate,5050 m,Hotel/Teahouse,March-May & Sept-Dec,https://www.nepalhikingteam.com
329,Langtang Gosaikunda Trek,"NPR 1,58,120", 16 Days,Moderate,4600m,Hotel/Guesthouse,March - May & Sept - Dec,https://www.nepalhikingteam.com
330,Tamang Heritage Trek,"NPR 1,23,280", 14 Days,Moderate,5050 m,Hotel/Guesthouse,March - May & Sept - Dec,https://www.nepalhikingteam.com
331,Tamang Heritage Trail,"NPR 1,00,500", 8 Days,Easy,2607 m,Teahouses/Lodges,Jan - May & Sept - Dec,https://www.nepalhikingteam.com
332,Helambu Trek,"NPR 1,04,500", 9 Days,Easy,3650 m,Hotel/Guesthouse,Jan - May & Sept- Dec,https://www.nepalhikingteam.com
333,Annapurna Base Camp Trek,"NPR 2,01,000", 11 Days,Demanding,"4,130m",Hotel/Guesthouse,Jan - May & Sept - Dec,https://www.himalayanglacier.com
334,Everest Base Camp Trek for Youths,"NPR 2,34,500", 14 Days,Demanding,"5,545m",Hotel/Guesthouse,Jan - May & Sept - Dec,https://www.himalayanglacier.com
335,Everest Base Camp Short Trek,"NPR 2,01,000", 14 Days,Demanding,"5,545m",Hotel/Guesthouse,Jan - May & Sept - Dec,https://www.himalayanglacier.com
336,Everest Base Camp Trek,"NPR 2,01,000", 16 Days,Demanding,"5,545m",Hotel/Guesthouse,Jan - May & Sept - Dec,https://www.himalayanglacier.com
337,Annapurna Circuit Trek,"NPR 2,01,000", 17 Days,Demanding,"5,416m",Hotel/Guesthouse,Jan - May & Sept - Dec,https://www.himalayanglacier.com
338,Everest Base Camp Luxury Lodge Trek,"NPR 2,01,000", 15 Days,Demanding,"5,545m",Hotel/Guesthouse,Jan - May & Sept - Dec,https://www.himalayanglacier.com
339,Everest Base Camp Trek via Gokyo Lakes and Cho La Pass,"NPR 2,01,000", 18 days,Demanding,"5,545m",Hotel/Guesthouse,Jan - May & Sept - Dec,https://www.himalayanglacier.com
340,Upper Mustang Trek,"NPR 2,01,000", 17 Days,Demanding,"3,870m",Hotel/Guesthouse,Jan - May & Sept - Dec,https://www.himalayanglacier.com
341,Everest Advanced Base Camp Trek from Tibet,"NPR 2,01,000", 18 Days,Demanding,"6,340m",Hotel/Guesthouse,Jan - May & Sept - Dec,https://www.himalayanglacier.com
342,Gokyo Lakes and Gokyo Ri Trek,"NPR 2,01,000", 14 Days,Demanding,"5,357m",Hotel/Guesthouse,Jan - May & Sept - Dec,https://www.himalayanglacier.com
343,Mardi Himal Trek,"NPR 2,01,000", 10 Days,Moderate,"3,540m",Hotel/Guesthouse,Jan - May & Sept - Dec,https://www.himalayanglacier.com
344,Manaslu Circuit Trek,"NPR 2,01,000", 18 Days,Demanding,"5,160m",Hotel/Guesthouse,Jan - May & Sept - Dec,https://www.himalayanglacier.com
345,Langtang Valley Trek,"NPR 2,01,000", 11 Days,Demanding,"5,000m",Hotel/Guesthouse,Jan - May & Sept - Dec,https://www.himalayanglacier.com
346,Annapurna Sanctuary Trek,"NPR 2,01,000", 14 Days,Demanding,"4,130m",Hotel/Guesthouse,Jan - May & Sept - Dec,https://www.himalayanglacier.com
347,Rara Lake Trek,"NPR 2,01,000", 15 Days,Moderate,"3,055m",Hotel/Guesthouse,Jan - May & Sept - Dec,https://www.himalayanglacier.com
348,Everest High Passes Trek,"NPR 2,01,000", 20 Days,Demanding,"5,546m",Hotel/Guesthouse,Jan - May & Sept - Dec,https://www.himalayanglacier.com
349,Kanchenjunga Circuit Trek,"NPR 2,01,000", 25 Days,Demanding,"5,143m",Hotel/Guesthouse,Jan - May & Sept - Dec,https://www.himalayanglacier.com
350,Everest View Trek,"NPR 2,01,000", 12 Days,Moderate,"3,870m",Hotel/Guesthouse,Jan - May & Sept - Dec,https://www.himalayanglacier.com
351,Tsum Valley Trek,"NPR 2,01,000", 19 Days,Demanding,"6,000m",Hotel/Guesthouse,Jan - May & Sept - Dec,https://www.himalayanglacier.com
352,The Royal Trek,"NPR 2,01,000", 9 Days,Moderate,"1,730m",Hotel/Guesthouse,Jan - May & Sept - Dec,https://www.himalayanglacier.com
353,Makalu Base Camp Trek,"NPR 2,01,000", 22 Days,Demanding,"4,870m",Hotel/Guesthouse,Jan - May & Sept - Dec,https://www.himalayanglacier.com
354,"Langtang, Gosainkunda and Helambu Trek","NPR 2,01,000", 17 Days,Moderate,"5,000m",Hotel/Guesthouse,Jan - May & Sept - Dec,https://www.himalayanglacier.com
355,Nar Phu Valley Trek,"NPR 2,01,000", 19 Days,Demanding,"5,416m",Hotel/Guesthouse,Jan - May & Sept - Dec,https://www.himalayanglacier.com
356,Annapurna Circle Trek,"NPR 2,01,000", 14 Days,Demanding,"5,416m",Hotel/Guesthouse,Jan - May & Sept - Dec,https://www.himalayanglacier.com
357,Everest Kangshung Face Trek,"NPR 2,01,000", 21 Days,Demanding,"5,320m",Hotel/Guesthouse,Jan - May & Sept - Dec,https://www.himalayanglacier.com
358,Tsum Valley and Manaslu Trek,"NPR 2,01,000", 27 Days,Demanding,"4,460m",Hotel/Guesthouse,Jan - May & Sept - Dec,https://www.himalayanglacier.com
359,Khopra Ridge Community Trek ,"NPR 2,01,000", 13 Days,Demanding,"4,500m",Hotel/Guesthouse,Jan - May & Sept - Dec,https://www.himalayanglacier.com
360,Nepal Experience Tour,"NPR 2,01,000", 12 Days,Easy,"3,210m",Hotel/Guesthouse,Jan - May & Sept - Dec,https://www.himalayanglacier.com
361,Annapurna Circuit Trek with Tilicho Lake and Poon Hill,"NPR 2,01,000", 20 Days,Demanding,"5,416m",Hotel/Guesthouse,Jan - May & Sept - Dec,https://www.himalayanglacier.com
362,Annapurna With Tilicho Lake Trek,"NPR 2,01,000", 17 Days,Demanding,"5,416m",Hotel/Guesthouse,Jan - May & Sept - Dec,https://www.himalayanglacier.com
363,Langtang Valley Trek with Ganja la Pass,"NPR 2,01,000", 14 Days,Demanding,"5,122m",Hotel/Guesthouse,Jan - May & Sept - Dec,https://www.himalayanglacier.com
364,Tamang Heritage Trek,"NPR 2,01,000", 14 Days,Moderate,"3,870m",Hotel/Guesthouse,Jan - May & Sept - Dec,https://www.himalayanglacier.com
365,Manaslu and Annapurna Trek with Tilicho Lake,"NPR 2,01,000", 25 Days,Demanding,"5,416m",Hotel/Guesthouse,Jan - May & Sept - Dec,https://www.himalayanglacier.com
366,Nepal Trekking and Everest Himalaya Heli Tour,"NPR 2,01,000", 7 Days,Moderate,"5,545m",Hotel/Guesthouse,Jan - May & Sept - Dec,https://www.himalayanglacier.com
367,Nepal Hiking and Culture Tour,"NPR 2,01,000", 8 Days,Moderate,"1,550m",Hotel/Guesthouse,Jan - May & Sept - Dec,https://www.himalayanglacier.com
368,Annapurna Sunrise and Everest View Trek,"NPR 2,01,000", 17 Days,Moderate,"3,870m",Hotel/Guesthouse,Jan - May & Sept - Dec,https://www.himalayanglacier.com
369,Tenzing Hillary Everest Marathon,"NPR 2,01,000", 20 Days,Hard,"5,545m",Hotel/Guesthouse,Jan - May & Sept - Dec,https://www.himalayanglacier.com
370,Everest Base Camp Trek,"NPR 1,94,300",16 Days,Hard,"5,545m",Hotel/Guesthouse,Jan - May & Sept - Dec,https://www.adventurehimalayacircuit.com
371,Everest Kalapathar Trekking,"NPR 1,86,260",15 Days,Hard,"5,545m",Hotel/Guesthouse,Jan - May & Sept - Dec,https://www.adventurehimalayacircuit.com
372,Everest Panorama Trek,"NPR 1,39,360",10 Days,Moderate,"3,860m",Hotel/Guesthouse,Jan - May & Sept - Dec,https://www.adventurehimalayacircuit.com
373,Everest Base Camp Trek via Gokyo Lake,"NPR 2,05,020",19 Days,Demanding,"5,545m",Hotel/Guesthouse,Jan - May & Sept - Dec,https://www.adventurehimalayacircuit.com
374,Gokyo Lake Trek,"NPR 1,59,460",13 Days,Moderate,"5,357m",Hotel/Guesthouse,Jan - May & Sept - Dec,https://www.adventurehimalayacircuit.com
375,Everest Base Camp Heli Trek,"NPR 4,82,400",9 Days,Moderate,"5,545m",Hotel/Guesthouse,Jan - May & Sept - Dec,https://www.adventurehimalayacircuit.com
376,Annapurna Circuit Trek,"NPR 3,08,200",19 Days,Hard,"5,416m",Hotel/Guesthouse,Jan - May & Sept - Dec,https://www.adventurehimalayacircuit.com
377,Annapurna Base Camp Trek,"NPR 1,46,060",16 Days,Moderate,"4,130m",Hotel/Guesthouse,Jan - May & Sept - Dec,https://www.adventurehimalayacircuit.com
378,Ghorepani Poon Hill Trek,"NPR 61,640",10 Days,Easy,"3,210m",Hotel/Guesthouse,Jan - May & Sept - Dec,https://www.adventurehimalayacircuit.com
379,Upper Mustang Trek,"NPR 2,81,400",17 Days,Hard,4200m,Hotel/Guesthouse,Jan - May & Sept - Dec,https://www.adventurehimalayacircuit.com
380,Mardi Himal Trek,"NPR 79,060",9 Days,Easy,"4,500m",Hotel/Guesthouse,Jan - May & Sept - Dec,https://www.adventurehimalayacircuit.com
381,Langtang Valley Trekking,"NPR 92,460",11 Days,Moderate,"4,773m",Hotel/Guesthouse,Jan - May & Sept - Dec,https://www.adventurehimalayacircuit.com
382,Manaslu Circuit Trek,"NPR 1,59,400",17 Days,Hard,"5,220m",Hotel/Guesthouse,Jan - May & Sept - Dec,https://www.adventurehimalayacircuit.com
